{
  "epoch": [
    1,
    2,
    3,
    4,
    5,
    6,
    7,
    8,
    9,
    10,
    11,
    12
  ],
  "loss_total": [
    1.207627900019288,
    1.0413839922649186,
    0.9492657179415226,
    0.8753529151529074,
    0.823950684851408,
    0.7720687036275864,
    0.7310037381798029,
    0.6820088125348092,
    0.5642523756500434,
    0.5299474892779297,
    0.5092855929479003,
    0.48960954751074315
  ],
  "lr": [
    0.0025,
    0.0025,
    0.0025,
    0.0025,
    0.0025,
    0.0025,
    0.0025,
    0.00025,
    0.00025,
    0.00025,
    2.5e-05,
    2.5e-05
  ]
}