{
  "timestamp": "20260412_214158",
  "checkpoint": "./checkpoints/checkpoint_best.pth",
  "AP": 0.4348177702655782,
  "AP50": 0.7057410212000982,
  "AP75": 0.47167569083910876,
  "APs": 0.35451371524772024,
  "APm": 0.5102873187306566,
  "APl": 0.4670279012040287,
  "AR1": 0.3249355850532967,
  "AR10": 0.5330384222762702,
  "AR100": 0.5584926622720778
}